,0
cc_chestpain,-0.16432806741705527
cc_shortnessofbreath,-0.1502854008728927
cc_suicidal,-0.14260267564984128
cc_alcoholintoxication,-0.1421270801295029
cc_alteredmentalstatus,-0.13195837206610034
cc_psychiatricevaluation,-0.10322461237593304
cc_weakness,-0.08067226546595163
cc_syncope,-0.07494122295831762
cc_sicklecellpain,-0.06954943787417461
cc_gibleeding,-0.0682875115939669
cc_abnormallab,-0.06492167370972186
cc_neurologicproblem,-0.06279323507721804
cc_hypotension,-0.05818387894221596
cc_drugproblem,-0.05641911141567065
cc_strokealert,-0.05315677948972742
cc_alcoholproblem,-0.05206695958664272
cc_lethargy,-0.05098147962505654
cc_depression,-0.049276181612967956
cc_dyspnea,-0.049161628175886506
cc_poisoning,-0.04763456676809025
cc_dizziness,-0.045087565034605724
cc_elevatedbloodsugar-symptomatic,-0.04396632638415178
cc_fever-9weeksto74years,-0.04348446776007087
cc_fever-75yearsorolder,-0.04282923945380208
cc_breathingdifficulty,-0.042282235233966604
cc_feverimmunocompromised,-0.041916654395502594
cc_tachycardia,-0.040388545142637886
cc_withdrawal-alcohol,-0.039722722194659194
cc_decreasedbloodsugar-symptomatic,-0.03932412228157532
cc_hallucinations,-0.038188670531886126
cc_palpitations,-0.03789819545755748
cc_overdose-intentional,-0.03713491503339386
cc_hypertension,-0.03627121294499453
cc_nearsyncope,-0.03618143412476727
cc_confusion,-0.03485583366978216
cc_seizure-priorhxof,-0.03322484449341756
cc_drug/alcoholassessment,-0.032178295758972346
cc_fatigue,-0.03128201933973044
cc_psychoticsymptoms,-0.03076516284707779
cc_unresponsive,-0.029552228705692102
cc_homicidal,-0.029551872546543408
cc_seizure-newonset,-0.027526384476996003
cc_irregularheartbeat,-0.025548633733339845
cc_detoxevaluation,-0.02551598864150039
cc_lossofconsciousness,-0.02501419428600409
cc_emesis,-0.024964817514747505
cc_abdominalpain,-0.023819665967817746
cc_elevatedbloodsugar-nosymptoms,-0.023808245514907414
cc_giproblem,-0.022574645061445242
cc_respiratorydistress,-0.021672543602006055
cc_modifiedtrauma,-0.02130408979858228
cc_rapidheartrate,-0.020930268205862097
cc_fall>65,-0.0208487857838001
cc_agitation,-0.0195144508150192
cc_hemoptysis,-0.019514450815019183
cc_headache-newonsetornewsymptoms,-0.01931990319591823
cc_edema,-0.018034528656069464
cc_overdose-accidental,-0.015365995219208702
cc_addictionproblem,-0.015080396685494513
cc_abdominaldistention,-0.014743029631456987
cc_extremityweakness,-0.014406551306286187
cc_ingestion,-0.01392993069259953
cc_headachere-evaluation,-0.010827537476770512
cc_chesttightness,-0.010680764840555525
cc_multiplefalls,-0.010676268698053912
cc_nausea,-0.010509051006879303
cc_fulltrauma,-0.009942691770853032
cc_blurredvision,-0.008466575466667478
cc_abdominalpainpregnant,-0.008413395727677261
cc_swallowedforeignbody,-0.00841060831683779
cc_dehydration,-0.008353751248554479
cc_hematuria,-0.008218175366174795
cc_diarrhea,-0.008173985814079155
cc_numbness,-0.00712313298877571
cc_rectalbleeding,-0.00700866630581359
cc_testiclepain,-0.0064663626236257914
cc_hyperglycemia,-0.004973891912985043
cc_medicalproblem,-0.004940962973843656
cc_epigastricpain,-0.004664471287028821
cc_post-opproblem,-0.0040218254078809865
cc_seizures,-0.003991948960239265
cc_urinaryretention,-0.0037375486567111575
cc_trauma,-0.0034595731587491654
cc_bodyfluidexposure,-0.003179724162562915
cc_vaginalbleeding,-0.0027947812180471663
cc_anxiety,-0.0025791258749627375
cc_breathingproblem,-0.002100492690134497
cc_allergicreaction,-0.0016690032078588732
cc_chills,0.0011435077483582224
cc_flankpain,0.0017047003371729143
cc_legswelling,0.0018651482187909377
cc_bleeding/bruising,0.0022734739666867188
cc_fever,0.002857835635414071
cc_headache,0.002915327850672366
cc_headache-recurrentorknowndxmigraines,0.004045133235570282
cc_fall,0.0044622272850791235
cc_motorcyclecrash,0.004604997142750033
cc_follow-upcellulitis,0.0051921831767651385
cc_migraine,0.005231723680123491
cc_cellulitis,0.00571486876788635
cc_abdominalcramping,0.005961946374195184
cc_groinpain,0.0060479489385262
cc_panicattack,0.006580168255974194
cc_influenza,0.006879620799229764
cc_rectalpain,0.008169014478442902
cc_woundinfection,0.008359309506663052
cc_wheezing,0.00845574990802299
cc_armswelling,0.009680604089453555
cc_constipation,0.010304482032657146
cc_jawpain,0.010622096883520667
cc_epistaxis,0.010743321922316014
cc_oralswelling,0.011560709557035814
cc_headlaceration,0.011596682799155768
cc_maleguproblem,0.011772144216450179
cc_urinaryfrequency,0.012000663118423353
cc_assaultvictim,0.012502874842726153
cc_pain,0.013352898506123322
cc_vaginalpain,0.013474237707129227
cc_pelvicpain,0.01466468507019442
cc_breastpain,0.016505350401573984
cc_footswelling,0.016896196829952016
cc_ribpain,0.017895653760109154
cc_exposuretostd,0.018217871235753854
cc_asthma,0.018370435893060116
cc_facialswelling,0.019696947681860408
cc_ribinjury,0.019909735597341497
cc_jointswelling,0.02011108688438572
cc_facialinjury,0.02039278090265158
cc_headinjury,0.02126853489311007
cc_shoulderinjury,0.021301638325018683
cc_generalizedbodyaches,0.021426947175442867
cc_eyeinjury,0.02162841731888877
cc_dysuria,0.022289171427758624
cc_vaginaldischarge,0.02294907532276097
cc_faciallaceration,0.023204524127840763
cc_wristinjury,0.024222335901031317
cc_leginjury,0.024520340533083038
cc_mass,0.02470553877746914
cc_urinarytractinfection,0.02508550201624361
cc_foreignbodyineye,0.025312483171732316
cc_fingerswelling,0.025652784668477646
cc_earproblem,0.025766999981407725
cc_burn,0.0264026145397958
cc_arminjury,0.02702543723619756
cc_medicationproblem,0.029324590547529453
cc_thumbinjury,0.030505547780984913
cc_femaleguproblem,0.03136849280850499
cc_otalgia,0.03215146249525518
cc_medicalscreening,0.03289617548150725
cc_tickremoval,0.03309631021379534
cc_kneeinjury,0.03452409953417651
cc_elbowpain,0.0351814499226175
cc_sinusproblem,0.03519173254102438
cc_toeinjury,0.035901366933672164
cc_facialpain,0.036626897048405466
cc_conjunctivitis,0.037669978078760796
cc_eyeredness,0.0380206670695014
cc_nasalcongestion,0.039639298885484904
cc_stdcheck,0.04098860767777811
cc_animalbite,0.04190298813993647
cc_hippain,0.04294285630137579
cc_woundre-evaluation,0.043239199472098276
cc_handinjury,0.04380803115917529
cc_uri,0.04419601580454114
cc_cyst,0.045417128785200024
cc_ankleinjury,0.0508183285600302
cc_eyepain,0.05089226710390651
cc_extremitylaceration,0.051459347195929164
cc_toepain,0.05152469903625838
cc_wristpain,0.05216670995922099
cc_armpain,0.05240973395153498
cc_cough,0.052864608658671375
cc_eyeproblem,0.05297936099594934
cc_skinproblem,0.05300038048855806
cc_other,0.05341088544025919
cc_footinjury,0.053424785631878226
cc_coldlikesymptoms,0.05547221288693826
cc_fingerinjury,0.057415420380194204
cc_fingerpain,0.059292096393653494
cc_neckpain,0.06056489496208123
cc_skinirritation,0.062305915194043764
cc_woundcheck,0.0649290493508725
cc_legpain,0.06575380144479238
cc_insectbite,0.06816722663038068
cc_anklepain,0.0726163705003006
cc_handpain,0.0748661107344008
cc_abscess,0.07562235095674656
cc_laceration,0.07573345724574952
cc_shoulderpain,0.07767243745198583
cc_medicationrefill,0.08953124530321774
cc_earpain,0.0926569911914391
cc_motorvehiclecrash,0.0953350120323168
cc_footpain,0.09874898468243298
cc_suture/stapleremoval,0.10457684382436709
cc_sorethroat,0.10833502710674113
cc_kneepain,0.11569011902703859
cc_dentalpain,0.12672046653537336
cc_rash,0.13369762452826522
cc_backpain,0.14214009446402737
